serialnum,warrantyenddate
3B3,2024-09-23
5S3,2025-09-28
CL3,2025-03-18
G73,2023-11-25
F73,2023-11-25
563,2023-10-17
2B3,2024-08-27
D63,2024-01-14
R93,2024-07-29
MD3,2025-12-20
D54,2027-09-30
ZW3,2026-09-11
7Y3,2026-11-08
2G3,2024-09-09
YS3,2025-11-04
0R3,2025-08-09
9R3,2025-08-31
FG3,2024-09-30
G63,2024-02-06
MH3,2024-09-09
XP3,2025-05-27
8B3,2024-02-05
RJ3,2024-12-08
863,2023-11-24
RT3,2025-12-20
2N3,2025-04-07
4Y3,2026-10-02
HG3,2024-10-22
PR3,2025-09-21
414,2027-01-11
ZB3,2024-03-23
103,2023-07-27
M54,2027-10-23
BG3,2024-10-14
Q93,2024-05-26
BL3,2025-03-18
FL3,2025-08-03
5R3,2025-08-04
JG3,2024-12-21
F54,2027-09-30
2T2,2026-12-04
F63,2024-01-25
5B3,2024-09-23
963,2023-12-04
Q53,2023-09-02
8V3,2026-03-17
724,2027-04-29
SG3,2025-02-04
NK3,2024-12-16
K93,2024-01-16
WL3,2026-01-03
853,2023-08-01
ZC3,2024-04-28
